X,Y,id,Inst
516095.939999769,7707929.74011523,1,EC
516115.420925835,7707969.60161071,2,Soil
516120.711383561,7707923.58855075,3,Soil
